{
  "lang":"en",
  "name":"pipeline",
  "version":"0.0.0",
  "spacy_version":">=3.4.1,<3.5.0",
  "description":"",
  "author":"",
  "email":"",
  "url":"",
  "license":"",
  "spacy_git_version":"5c2a00cef",
  "vectors":{
    "width":0,
    "vectors":0,
    "keys":0,
    "name":null,
    "mode":"default"
  },
  "labels":{
    "tok2vec":[

    ],
    "ner":[
      "B-DES",
      "B-EMAIL",
      "B-NAME",
      "B-ORG",
      "B-PHOE",
      "B-PHONE",
      "B-WEB",
      "EMAIL",
      "I-DE",
      "I-DES",
      "I-EMAIL",
      "I-NAME",
      "I-OR",
      "I-ORG",
      "I-PHONE",
      "I-WEB",
      "NAME",
      "ORG",
      "PHONE"
    ]
  },
  "pipeline":[
    "tok2vec",
    "ner"
  ],
  "components":[
    "tok2vec",
    "ner"
  ],
  "disabled":[

  ],
  "performance":{
    "ents_f":0.5243902439,
    "ents_p":0.5733333333,
    "ents_r":0.4831460674,
    "ents_per_type":{
      "B-DES":{
        "p":0.3636363636,
        "r":0.3333333333,
        "f":0.347826087
      },
      "I-DES":{
        "p":0.4666666667,
        "r":0.5833333333,
        "f":0.5185185185
      },
      "B-PHONE":{
        "p":0.7692307692,
        "r":0.625,
        "f":0.6896551724
      },
      "I-PHONE":{
        "p":0.7368421053,
        "r":0.6086956522,
        "f":0.6666666667
      },
      "B-ORG":{
        "p":0.5,
        "r":0.4,
        "f":0.4444444444
      },
      "I-ORG":{
        "p":0.5074626866,
        "r":0.5666666667,
        "f":0.5354330709
      },
      "B-EMAIL":{
        "p":0.7142857143,
        "r":0.5263157895,
        "f":0.6060606061
      },
      "I-WEB":{
        "p":1.0,
        "r":1.0,
        "f":1.0
      },
      "I-NAME":{
        "p":0.3913043478,
        "r":0.3333333333,
        "f":0.36
      },
      "B-NAME":{
        "p":0.5,
        "r":0.2857142857,
        "f":0.3636363636
      },
      "B-WEB":{
        "p":0.8461538462,
        "r":0.6470588235,
        "f":0.7333333333
      },
      "I-EMAIL":{
        "p":1.0,
        "r":0.3333333333,
        "f":0.5
      },
      "DES":{
        "p":0.0,
        "r":0.0,
        "f":0.0
      },
      "PHONE":{
        "p":0.0,
        "r":0.0,
        "f":0.0
      },
      "ORG":{
        "p":0.0,
        "r":0.0,
        "f":0.0
      },
      "NAME":{
        "p":0.0,
        "r":0.0,
        "f":0.0
      }
    },
    "tok2vec_loss":390.5323042036,
    "ner_loss":463.4801557416
  }
}