{
  "lang":"en",
  "name":"pipeline",
  "version":"0.0.0",
  "spacy_version":">=3.4.1,<3.5.0",
  "description":"",
  "author":"",
  "email":"",
  "url":"",
  "license":"",
  "spacy_git_version":"5c2a00cef",
  "vectors":{
    "width":0,
    "vectors":0,
    "keys":0,
    "name":null,
    "mode":"default"
  },
  "labels":{
    "tok2vec":[

    ],
    "ner":[
      "B-DES",
      "B-EMAIL",
      "B-NAME",
      "B-ORG",
      "B-PHOE",
      "B-PHONE",
      "B-WEB",
      "EMAIL",
      "I-DE",
      "I-DES",
      "I-EMAIL",
      "I-NAME",
      "I-OR",
      "I-ORG",
      "I-PHONE",
      "I-WEB",
      "NAME",
      "ORG",
      "PHONE"
    ]
  },
  "pipeline":[
    "tok2vec",
    "ner"
  ],
  "components":[
    "tok2vec",
    "ner"
  ],
  "disabled":[

  ],
  "performance":{
    "ents_f":0.4924406048,
    "ents_p":0.5816326531,
    "ents_r":0.4269662921,
    "ents_per_type":{
      "B-DES":{
        "p":0.3571428571,
        "r":0.4166666667,
        "f":0.3846153846
      },
      "I-DES":{
        "p":0.6,
        "r":0.5,
        "f":0.5454545455
      },
      "B-PHONE":{
        "p":0.7037037037,
        "r":0.59375,
        "f":0.6440677966
      },
      "I-PHONE":{
        "p":0.7272727273,
        "r":0.347826087,
        "f":0.4705882353
      },
      "I-ORG":{
        "p":0.5178571429,
        "r":0.4833333333,
        "f":0.5
      },
      "B-EMAIL":{
        "p":0.6666666667,
        "r":0.5263157895,
        "f":0.5882352941
      },
      "B-ORG":{
        "p":0.5555555556,
        "r":0.4,
        "f":0.4651162791
      },
      "I-EMAIL":{
        "p":0.5,
        "r":0.1666666667,
        "f":0.25
      },
      "I-WEB":{
        "p":1.0,
        "r":1.0,
        "f":1.0
      },
      "I-NAME":{
        "p":0.4444444444,
        "r":0.2962962963,
        "f":0.3555555556
      },
      "B-NAME":{
        "p":0.625,
        "r":0.2380952381,
        "f":0.3448275862
      },
      "B-WEB":{
        "p":0.8461538462,
        "r":0.6470588235,
        "f":0.7333333333
      },
      "DES":{
        "p":0.0,
        "r":0.0,
        "f":0.0
      },
      "PHONE":{
        "p":0.0,
        "r":0.0,
        "f":0.0
      },
      "ORG":{
        "p":0.0,
        "r":0.0,
        "f":0.0
      },
      "NAME":{
        "p":0.0,
        "r":0.0,
        "f":0.0
      }
    },
    "tok2vec_loss":677.3887773588,
    "ner_loss":444.540098482
  }
}