{
  "lang":"en",
  "name":"pipeline",
  "version":"0.0.0",
  "spacy_version":">=3.4.1,<3.5.0",
  "description":"",
  "author":"",
  "email":"",
  "url":"",
  "license":"",
  "spacy_git_version":"5c2a00cef",
  "vectors":{
    "width":0,
    "vectors":0,
    "keys":0,
    "name":null,
    "mode":"default"
  },
  "labels":{
    "tok2vec":[

    ],
    "ner":[
      "B-DES",
      "B-EMAIL",
      "B-NAME",
      "B-ORG",
      "B-PHOE",
      "B-PHONE",
      "B-WEB",
      "DES",
      "EMAIL",
      "I-DE",
      "I-DES",
      "I-EMAIL",
      "I-NAME",
      "I-OR",
      "I-ORG",
      "I-PHONE",
      "I-WEB",
      "NAME",
      "ORG",
      "PHONE"
    ]
  },
  "pipeline":[
    "tok2vec",
    "ner"
  ],
  "components":[
    "tok2vec",
    "ner"
  ],
  "disabled":[

  ],
  "performance":{
    "ents_f":0.5952045134,
    "ents_p":0.6336336336,
    "ents_r":0.5611702128,
    "ents_per_type":{
      "B-NAME":{
        "p":0.6666666667,
        "r":0.4545454545,
        "f":0.5405405405
      },
      "I-NAME":{
        "p":0.8,
        "r":0.4848484848,
        "f":0.6037735849
      },
      "I-DES":{
        "p":0.7222222222,
        "r":0.4193548387,
        "f":0.5306122449
      },
      "I-ORG":{
        "p":0.4821428571,
        "r":0.7297297297,
        "f":0.5806451613
      },
      "B-ORG":{
        "p":0.4333333333,
        "r":0.5,
        "f":0.4642857143
      },
      "B-PHONE":{
        "p":0.756097561,
        "r":0.6739130435,
        "f":0.7126436782
      },
      "I-PHONE":{
        "p":0.8085106383,
        "r":0.59375,
        "f":0.6846846847
      },
      "B-EMAIL":{
        "p":0.7391304348,
        "r":0.7391304348,
        "f":0.7391304348
      },
      "B-WEB":{
        "p":0.8333333333,
        "r":0.5882352941,
        "f":0.6896551724
      },
      "B-DES":{
        "p":0.6,
        "r":0.3157894737,
        "f":0.4137931034
      },
      "PHONE":{
        "p":0.0,
        "r":0.0,
        "f":0.0
      },
      "NAME":{
        "p":0.0,
        "r":0.0,
        "f":0.0
      },
      "I-EMAIL":{
        "p":0.6,
        "r":0.3,
        "f":0.4
      },
      "I-WEB":{
        "p":0.0,
        "r":0.0,
        "f":0.0
      },
      "WEB":{
        "p":0.0,
        "r":0.0,
        "f":0.0
      }
    },
    "tok2vec_loss":489.7402767821,
    "ner_loss":3346.8938237775
  }
}